USER_ID, NAME, AGE, EMAIL_ID, SALARY, DEPERATMENT, COUNTRY 
101,Elijah Reed,49,vehicula.aliquet@protonmail.org,2057945.0,PORTS,Germany
102,Slade Hahn,55,curabitur.dictum.phasellus@aol.org,2916588.0,IT,Germany
100,Dillon Beach,50,montes.nascetur.ridiculus@outlook.org,1673954.0,PORTS,Canada
103,Devin Lester,37,nibh.phasellus.nulla@google.edu,3985347.0,PORTS,Canada
104,Cole Rivera,64,risus.quis@outlook.edu,2870599.0,IT,Germany
105,Barclay Kline,51,dapibus.gravida@hotmail.org,4564224.0,IT,Canada
106,Cassidy Barton,66,lectus.rutrum@icloud.ca,4318879.0,PORTS,Australia
107,Imani Jimenez,65,pharetra.quisque.ac@protonmail.com,4807375.0,PORTS,United States
108,Carol Moreno,44,mi.tempor@icloud.ca,3218698.0,IT,United States
109,Ariana Bullock,56,lorem@google.net,1279043.0,IT,Canada
110,Davis Simmons,32,placerat.cras@hotmail.edu,3917011.0,PORTS,Canada
111,Rae Cross,67,phasellus.dolor@icloud.edu,3004217.0,IT,India
112,Judith Evans,65,vivamus.euismod@hotmail.org,1027285.0,IT,United States
113,Gavin Joyce,63,dolor.sit@protonmail.edu,4211448.0,IT,India
114,Quon Reyes,23,et@yahoo.edu,1657126.0,PORTS,United States
115,Ursa Nichols,23,cursus@aol.couk,2260057.0,IT,Canada
116,September Bentley,29,curabitur.egestas@protonmail.org,897370.0,PORTS,Australia
117,Joshua Kent,70,risus@google.ca,4515777.0,PORTS,Australia
118,Ella Brock,68,magna.et@google.couk,871581.0,PORTS,United States
119,Tyler Walters,30,enim.curabitur.massa@aol.com,3014697.0,IT,United States
120,Irene Greene,41,morbi.tristique@hotmail.ca,3283293.0,IT,United States
121,Merrill Hicks,27,montes@aol.ca,112985.0,IT,United States
122,Freya Townsend,68,ligula.aliquam.erat@hotmail.couk,2516732.0,IT,Canada
123,Tallulah Booth,34,nec.malesuada.ut@google.edu,2733249.0,IT,Germany
124,Forrest Small,28,sit.amet@icloud.org,350053.0,IT,Canada
125,Chloe Guerra,56,varius.orci.in@yahoo.edu,3722686.0,PORTS,United States
126,Iliana Mckinney,50,tempor.erat.neque@protonmail.couk,1775423.0,PORTS,India
127,Thor Mathis,36,magna.sed@yahoo.net,1342334.0,PORTS,Canada
128,Jerome Savage,42,ante@icloud.couk,2912357.0,PORTS,Canada
129,Jesse Davis,60,sit.amet@aol.couk,3935050.0,IT,Australia
130,Cheyenne Burnett,31,aliquet@icloud.ca,1691689.0,IT,United States
131,Lewis Schmidt,23,ipsum.curabitur.consequat@protonmail.edu,2613091.0,PORTS,Australia
132,Avram Nieves,69,interdum.sed@aol.org,2486289.0,PORTS,Australia
133,Dustin Watts,57,et.commodo.at@protonmail.org,2279365.0,PORTS,United States
134,Belle Keller,54,in.scelerisque@hotmail.com,4015191.0,IT,Australia
135,Peter Bishop,48,lectus.convallis@protonmail.com,3118431.0,IT,Australia
136,McKenzie Little,43,nisl@yahoo.ca,3703275.0,PORTS,Germany
137,Serina Mcclain,69,ac.ipsum@hotmail.edu,1749168.0,IT,Canada
138,Melanie Diaz,41,euismod.est@aol.edu,1270643.0,PORTS,Australia
139,Shaeleigh Huffman,39,vel@icloud.ca,3396452.0,PORTS,France
140,Samuel Beasley,43,mauris.ut@outlook.edu,143373.0,PORTS,India
141,Mufutau Scott,36,donec.vitae@aol.edu,1428283.0,IT,Australia
142,Chaim Lang,26,elit.fermentum@yahoo.ca,962016.0,PORTS,India
143,Holmes Munoz,61,adipiscing@outlook.couk,2295328.0,PORTS,Germany
144,Francesca Page,50,duis@icloud.net,4711485.0,PORTS,France
145,Gabriel Whitney,50,risus.donec.egestas@outlook.edu,4076834.0,PORTS,India
146,Faith Rosa,33,nulla.vulputate@google.net,2029034.0,IT,France
147,Iona Henson,44,pharetra.nibh.aliquam@google.org,1802667.0,PORTS,Canada
148,Keegan Diaz,69,enim.nunc@yahoo.org,2215805.0,IT,United States
149,Charde Cote,65,nunc.sed@aol.net,4531017.0,PORTS,United States
150,Phyllis Dillon,25,lacinia.vitae@aol.edu,1223402.0,IT,United States
151,Erica Conner,40,eu@icloud.edu,2075806.0,IT,India
152,Jena Valdez,34,nec.enim.nunc@aol.net,3881221.0,PORTS,Germany
153,Kane Bender,41,vitae.aliquam@protonmail.ca,887435.0,PORTS,United States
154,Dominic Cook,31,neque.sed@google.org,2703162.0,PORTS,Australia
155,Barrett Kim,67,non.bibendum@hotmail.ca,4639277.0,PORTS,Germany
156,Melinda Berg,38,nunc.ut.erat@aol.edu,3965907.0,PORTS,France
157,Marshall Saunders,70,rhoncus.id.mollis@google.com,1002867.0,IT,India
158,Erasmus Johnson,59,id.enim.curabitur@protonmail.ca,2088550.0,PORTS,United States
159,Norman Watson,68,a.arcu@yahoo.couk,4339528.0,PORTS,Canada
160,Celeste Pruitt,22,non@icloud.com,1683464.0,IT,United States
161,Mallory Blackwell,64,justo.faucibus.lectus@protonmail.couk,470747.0,PORTS,Canada
162,Angelica Walters,28,etiam.gravida@protonmail.couk,2742472.0,IT,Germany
163,Julian Hahn,21,diam.nunc@icloud.org,2272609.0,PORTS,France
164,Gretchen Skinner,41,odio@yahoo.com,3448884.0,IT,India
165,Graham Hardin,68,eleifend.nunc@outlook.net,3197844.0,IT,United States
166,Lara Leach,22,lorem.ipsum@icloud.couk,4770932.0,PORTS,India
167,Jason Stevenson,44,purus.ac.tellus@hotmail.net,2424455.0,PORTS,India
168,Ryan Cooley,43,ac@google.com,2791575.0,IT,India
169,Uma Pope,64,iaculis.quis@aol.org,3338438.0,IT,United States
170,Nero Nguyen,40,quisque.fringilla@google.couk,3626840.0,PORTS,France
171,Jordan Ryan,20,accumsan.laoreet.ipsum@icloud.couk,2560873.0,IT,France
172,Michelle Snyder,66,in.dolor@hotmail.com,2023676.0,IT,Germany
173,Jerome Farmer,50,sed.molestie@icloud.couk,3581797.0,IT,India
174,Tanner Gross,62,ipsum.ac@protonmail.org,506902.0,IT,India
175,Dante Burks,65,taciti.sociosqu.ad@hotmail.org,2820882.0,IT,India
176,Charissa Simmons,29,sollicitudin.commodo@icloud.couk,1177874.0,IT,United States
177,Elton Flynn,65,nunc.id.enim@google.com,4398932.0,IT,Germany
178,Meredith Marshall,34,eu.tellus.eu@yahoo.couk,254689.0,PORTS,United States
179,Eugenia Rocha,55,eleifend.nunc@yahoo.ca,2823606.0,IT,France
180,Belle Leonard,52,pede.et@outlook.com,2790624.0,IT,United States
181,Keith Howard,31,ante.nunc.mauris@google.edu,2841610.0,PORTS,Australia
182,Nevada Malone,48,ultrices@google.edu,979574.0,IT,Germany
183,Ray Walker,36,sociis@aol.ca,4676014.0,PORTS,Australia
184,Uriel Bean,46,tincidunt.vehicula@yahoo.ca,2268240.0,PORTS,Canada
185,Jade Castro,64,nec@yahoo.couk,4289759.0,IT,Canada
186,Logan Leblanc,54,et@yahoo.edu,4684521.0,PORTS,Canada
187,Signe Hopper,35,in.dolor.fusce@protonmail.com,2030556.0,IT,Canada
188,Vanna Sanford,66,mauris.quis@aol.edu,1653265.0,IT,Canada
189,Maia Leonard,63,vel.pede@protonmail.net,2949623.0,PORTS,France
190,Ursula Mercer,41,ligula@protonmail.net,2713043.0,IT,Germany
191,Perry Campbell,67,ante.lectus@google.ca,38206.0,PORTS,India
192,Kylee Valencia,45,elementum.sem@outlook.com,41756.0,PORTS,France
193,Hadley Galloway,54,feugiat.placerat@outlook.net,133898.0,IT,Germany
194,Nola Davidson,47,pede@google.net,4845118.0,PORTS,Australia
195,Keegan Logan,39,non.quam.pellentesque@yahoo.com,1443327.0,PORTS,France
196,Vera Fuller,38,sed.turpis@protonmail.couk,2331030.0,IT,Canada
197,Meredith Rose,40,curabitur.sed@hotmail.net,4331263.0,PORTS,United States
198,Grace Cunningham,22,vel.turpis@protonmail.ca,429757.0,PORTS,United States
199,Maxwell Lucas,46,tellus.faucibus.leo@outlook.net,1540404.0,IT,Germany
200,Hannah Griffin,56,penatibus.et.magnis@aol.com,2412691.0,IT,United States
201,Giselle Fields,67,neque@icloud.com,1546726.0,IT,India
202,Sawyer Graham,36,interdum@hotmail.org,2553877.0,IT,Canada
203,Demetria Cunningham,39,diam.proin@google.couk,1407871.0,PORTS,United States
204,Alden Vinson,44,vel.nisl@yahoo.ca,1609681.0,PORTS,Canada
205,Shelby Garcia,30,mi.lorem@hotmail.ca,505833.0,IT,France
206,Debra Mcdowell,55,ridiculus.mus.donec@hotmail.com,4974476.0,PORTS,Germany
207,James Newton,29,mi.enim.condimentum@icloud.edu,2352785.0,IT,Germany
208,Griffin Price,27,mauris.elit@outlook.couk,2210160.0,IT,India
209,Cole Guthrie,31,nunc.risus@protonmail.edu,4528825.0,PORTS,France
210,Quemby Buchanan,65,metus@hotmail.com,2791753.0,IT,France
211,Melodie Reed,67,vestibulum.ante@yahoo.net,4328336.0,PORTS,Canada
212,Tobias Ford,42,semper.erat.in@hotmail.com,3703817.0,PORTS,France
213,Axel Valencia,47,ac@aol.org,1828624.0,PORTS,France
214,Abigail Mcdowell,21,aenean.egestas.hendrerit@google.edu,1564113.0,IT,France
215,Yeo Gentry,39,amet.orci@hotmail.couk,4654067.0,PORTS,Germany
216,Odysseus Ratliff,23,consequat@google.org,1667870.0,PORTS,Australia
217,Dacey O'Neill,51,primis@outlook.ca,2086176.0,PORTS,United States
218,Byron Nash,43,ligula.consectetuer.rhoncus@aol.edu,1061881.0,PORTS,United States
219,Knox Vega,27,curae.donec@google.com,4843761.0,PORTS,Germany
220,Kasper Harrington,32,vestibulum.mauris.magna@yahoo.com,3108549.0,PORTS,France
221,Chandler Lambert,29,dis.parturient@yahoo.com,4238952.0,IT,Australia
222,Theodore Cotton,55,ipsum.sodales.purus@icloud.ca,3318672.0,PORTS,India
223,Fallon Raymond,47,proin.mi@aol.couk,2371021.0,PORTS,United States
224,Hedda Salinas,49,ac.orci.ut@protonmail.org,2624156.0,IT,United States
225,MacKenzie Lott,38,sociis@outlook.com,3798326.0,PORTS,France
226,Scott William,39,taciti.sociosqu@yahoo.couk,3995849.0,IT,France
227,Fay Roberson,39,laoreet.libero@hotmail.ca,4770409.0,PORTS,Germany
228,Kennan Riddle,43,lacus@aol.org,3306388.0,IT,India
229,Wynne Bruce,33,maecenas@google.ca,2758599.0,PORTS,Germany
230,Orlando Harrison,42,libero.integer@icloud.com,4998888.0,IT,Australia
231,Kim Suarez,44,diam.dictum@aol.couk,1501755.0,PORTS,India
232,Brenda Alston,39,phasellus.nulla@google.edu,4748169.0,IT,United States
233,Inga Briggs,68,ornare.in@outlook.org,3290010.0,IT,France
234,Quinlan Stevens,66,lacinia.vitae@icloud.net,3222205.0,IT,France
235,Evan Jennings,23,sem.semper.erat@protonmail.com,3188983.0,PORTS,India
236,Whitney Velazquez,56,nascetur.ridiculus@icloud.couk,2150281.0,IT,France
237,Steel Santiago,45,aliquam.nisl@yahoo.com,2534218.0,PORTS,France
238,Lance Tucker,45,sapien.molestie@protonmail.com,3372966.0,PORTS,India
239,Mona Perry,29,felis@aol.ca,2078367.0,IT,United States
240,Jakeem Sharpe,31,nullam@protonmail.com,2724825.0,IT,India
241,Baker Palmer,26,non@outlook.com,2525526.0,IT,France
242,Dennis Mcintosh,56,nulla.eu@google.edu,3010844.0,PORTS,United States
243,Josiah Shelton,40,molestie@protonmail.org,2932384.0,IT,Canada
244,Justin Phelps,34,eu.turpis@yahoo.com,676422.0,IT,Germany
245,Brenna Meyer,44,nibh@yahoo.net,3372710.0,IT,Australia
246,Beck Cooke,63,nullam.scelerisque@protonmail.com,4982218.0,PORTS,Germany
247,Yasir Clemons,61,dictum.cursus@hotmail.ca,2815648.0,IT,Germany
248,Olivia Curry,37,scelerisque.sed@yahoo.ca,4471911.0,IT,United States
249,Skyler Thompson,31,id.magna.et@aol.couk,390181.0,IT,United States
250,McKenzie Blackwell,40,facilisis.suspendisse@google.ca,4303252.0,PORTS,Australia
251,Wynne Jefferson,39,malesuada@outlook.org,3453884.0,IT,Australia
252,Emi Mckay,21,a.feugiat@protonmail.org,1535708.0,IT,Canada
253,Emi Tucker,56,eget.nisi.dictum@outlook.couk,420315.0,PORTS,India
254,Ariana Morse,48,nullam@yahoo.org,2023739.0,IT,India
255,Wylie Daugherty,59,tincidunt.adipiscing@aol.org,1184243.0,IT,Australia
256,Fiona Sargent,51,felis.orci@yahoo.ca,4785444.0,PORTS,Germany
257,Justin Hendricks,48,adipiscing.fringilla@google.com,1656732.0,PORTS,India
258,Jin Randolph,55,egestas.nunc@outlook.ca,2518406.0,IT,Canada
259,Erica Mccormick,55,eget@hotmail.ca,836731.0,IT,Canada
260,Aiko Slater,22,consequat.purus@hotmail.couk,17598.0,IT,India
261,Darryl Roman,26,dolor.donec.fringilla@google.ca,2467635.0,IT,United States
262,Lana David,56,eu.elit@google.net,2764309.0,IT,France
263,Scarlett Jacobson,64,vitae@outlook.net,1158021.0,PORTS,Australia
264,Colt Sandoval,49,interdum.sed@yahoo.com,3145725.0,IT,Germany
265,Sacha Lang,42,sed@google.org,2381060.0,PORTS,United States
266,Reece Elliott,45,suspendisse.dui@google.couk,3451730.0,IT,Canada
267,Xena Alvarado,21,curabitur.dictum@hotmail.ca,949249.0,PORTS,Australia
268,Macy Rivers,55,nulla@protonmail.com,1839221.0,IT,Germany
269,Irma Hill,29,aliquet.nec@yahoo.edu,4378423.0,IT,Australia
270,Fiona Knox,43,nibh@protonmail.ca,1214523.0,IT,Canada
271,Trevor Maddox,36,non@outlook.ca,460191.0,IT,Germany
272,Xantha Carson,59,vulputate.velit@protonmail.org,4398958.0,PORTS,Germany
273,Mannix James,66,facilisis@aol.org,379475.0,PORTS,France
274,Germane Lindsey,28,pellentesque@aol.ca,3939275.0,IT,Australia
275,Alea Hester,23,nec@google.couk,1125219.0,PORTS,France
276,Neil Larson,47,donec.nibh.quisque@yahoo.com,2643259.0,PORTS,India
277,Kane Mccormick,40,diam.nunc.ullamcorper@protonmail.org,4176510.0,PORTS,France
278,Rashad Howe,48,bibendum.ullamcorper@icloud.org,4782467.0,PORTS,India
279,Coby Scott,68,mauris.eu@protonmail.couk,4437146.0,IT,India
280,Lionel Forbes,47,rhoncus.id.mollis@yahoo.net,767255.0,IT,France
281,Brandon Anderson,65,enim.sed.nulla@outlook.ca,3334497.0,IT,Canada
282,Mara Fleming,29,facilisis.non@google.ca,1035640.0,IT,Australia
283,Oleg Fulton,47,id@google.com,1678514.0,IT,India
284,Nevada Rivera,49,vel.est@icloud.org,140496.0,PORTS,India
285,Silas Case,36,facilisis.vitae@hotmail.ca,1277681.0,PORTS,France
286,Rhiannon Pitts,67,vitae.nibh.donec@outlook.net,4092153.0,PORTS,France
287,Valentine Gallagher,54,praesent.interdum@outlook.net,4444162.0,PORTS,Germany
288,Dana Singleton,29,dui@google.couk,522666.0,IT,France
289,Dacey Alexander,67,cras.vulputate@aol.ca,4478789.0,PORTS,Germany
290,Daniel Blevins,34,lacus.mauris@protonmail.couk,1882044.0,PORTS,Australia
291,Daryl Barry,70,aliquam.arcu.aliquam@outlook.edu,2157357.0,PORTS,India
292,Stone Cantu,32,ipsum.porta@outlook.net,4448079.0,PORTS,Australia
293,Lee Sutton,68,lectus.a@google.edu,2312280.0,IT,United States
294,Jasper Britt,30,donec.luctus@google.ca,2184042.0,PORTS,Australia
295,Armand Estes,52,molestie.pharetra.nibh@protonmail.couk,2734491.0,IT,France
296,Prescott Mendez,59,mus.proin@outlook.edu,3274160.0,PORTS,India
297,Dorian Espinoza,35,ante.vivamus@google.org,4842951.0,PORTS,United States
298,Alma Patrick,45,libero@aol.org,182342.0,PORTS,France
299,Ciara Sweeney,60,mollis@aol.ca,3413349.0,PORTS,Australia
